{
  "Profiles": [
    {
      "Guid": "73B7EAE3-0AF4-467E-9B9C-BDFA2185DAB3",
      "Name": "rspletzer",
      "Normal Font": "CaskaydiaCoveNF-Regular 14",
      "ASCII Ligatures": false,
      "Flashing Bell": false,
      "Visual Bell": true,
      "Prompt Before Closing 2": false,
      "Use Separate Colors for Light and Dark Mode": true,
      "Show Mark Indicators": false,
      "Ansi 0 Color": {
        "Red Component": 0.0784313753247261,
        "Color Space": "sRGB",
        "Blue Component": 0.11764705926179886,
        "Alpha Component": 1,
        "Green Component": 0.09803921729326248
      },
      "Ansi 0 Color (Dark)": {
        "Red Component": 0.0784313753247261,
        "Color Space": "sRGB",
        "Blue Component": 0.11764705926179886,
        "Alpha Component": 1,
        "Green Component": 0.09803921729326248
      },
      "Ansi 0 Color (Light)": {
        "Red Component": 0.0784313753247261,
        "Color Space": "sRGB",
        "Blue Component": 0.11764705926179886,
        "Alpha Component": 1,
        "Green Component": 0.09803921729326248
      },
      "Ansi 1 Color": {
        "Red Component": 0.7074432373046875,
        "Color Space": "sRGB",
        "Blue Component": 0.16300037503242493,
        "Alpha Component": 1,
        "Green Component": 0.23660069704055786
      },
      "Ansi 1 Color (Dark)": {
        "Red Component": 0.7074432373046875,
        "Color Space": "sRGB",
        "Blue Component": 0.16300037503242493,
        "Alpha Component": 1,
        "Green Component": 0.23660069704055786
      },
      "Ansi 1 Color (Light)": {
        "Red Component": 0.7074432373046875,
        "Color Space": "sRGB",
        "Blue Component": 0.16300037503242493,
        "Alpha Component": 1,
        "Green Component": 0.23660069704055786
      },
      "Ansi 10 Color": {
        "Red Component": 0.3450070321559906,
        "Color Space": "sRGB",
        "Blue Component": 0.5654193758964539,
        "Alpha Component": 1,
        "Green Component": 0.9042816162109375
      },
      "Ansi 10 Color (Dark)": {
        "Red Component": 0.3450070321559906,
        "Color Space": "sRGB",
        "Blue Component": 0.5654193758964539,
        "Alpha Component": 1,
        "Green Component": 0.9042816162109375
      },
      "Ansi 10 Color (Light)": {
        "Red Component": 0.3450070321559906,
        "Color Space": "sRGB",
        "Blue Component": 0.5654193758964539,
        "Alpha Component": 1,
        "Green Component": 0.9042816162109375
      },
      "Ansi 11 Color": {
        "Red Component": 0.9259033203125,
        "Color Space": "sRGB",
        "Blue Component": 0,
        "Alpha Component": 1,
        "Green Component": 0.8833775520324707
      },
      "Ansi 11 Color (Dark)": {
        "Red Component": 0.9259033203125,
        "Color Space": "sRGB",
        "Blue Component": 0,
        "Alpha Component": 1,
        "Green Component": 0.8833775520324707
      },
      "Ansi 11 Color (Light)": {
        "Red Component": 0.9259033203125,
        "Color Space": "sRGB",
        "Blue Component": 0,
        "Alpha Component": 1,
        "Green Component": 0.8833775520324707
      },
      "Ansi 12 Color": {
        "Red Component": 0.6534907817840576,
        "Color Space": "sRGB",
        "Blue Component": 0.9485321044921875,
        "Alpha Component": 1,
        "Green Component": 0.6704471707344055
      },
      "Ansi 12 Color (Dark)": {
        "Red Component": 0.6534907817840576,
        "Color Space": "sRGB",
        "Blue Component": 0.9485321044921875,
        "Alpha Component": 1,
        "Green Component": 0.6704471707344055
      },
      "Ansi 12 Color (Light)": {
        "Red Component": 0.6534907817840576,
        "Color Space": "sRGB",
        "Blue Component": 0.9485321044921875,
        "Alpha Component": 1,
        "Green Component": 0.6704471707344055
      },
      "Ansi 13 Color": {
        "Red Component": 0.8821563720703125,
        "Color Space": "sRGB",
        "Blue Component": 0.8821563720703125,
        "Alpha Component": 1,
        "Green Component": 0.4927266538143158
      },
      "Ansi 13 Color (Dark)": {
        "Red Component": 0.8821563720703125,
        "Color Space": "sRGB",
        "Blue Component": 0.8821563720703125,
        "Alpha Component": 1,
        "Green Component": 0.4927266538143158
      },
      "Ansi 13 Color (Light)": {
        "Red Component": 0.8821563720703125,
        "Color Space": "sRGB",
        "Blue Component": 0.8821563720703125,
        "Alpha Component": 1,
        "Green Component": 0.4927266538143158
      },
      "Ansi 14 Color": {
        "Red Component": 0.3759753108024597,
        "Color Space": "sRGB",
        "Blue Component": 1,
        "Alpha Component": 1,
        "Green Component": 0.9926329255104065
      },
      "Ansi 14 Color (Dark)": {
        "Red Component": 0.3759753108024597,
        "Color Space": "sRGB",
        "Blue Component": 1,
        "Alpha Component": 1,
        "Green Component": 0.9926329255104065
      },
      "Ansi 14 Color (Light)": {
        "Red Component": 0.3759753108024597,
        "Color Space": "sRGB",
        "Blue Component": 1,
        "Alpha Component": 1,
        "Green Component": 0.9926329255104065
      },
      "Ansi 15 Color": {
        "Red Component": 0.9999960064888,
        "Color Space": "sRGB",
        "Blue Component": 1,
        "Alpha Component": 1,
        "Green Component": 1
      },
      "Ansi 15 Color (Dark)": {
        "Red Component": 0.9999960064888,
        "Color Space": "sRGB",
        "Blue Component": 1,
        "Alpha Component": 1,
        "Green Component": 1
      },
      "Ansi 15 Color (Light)": {
        "Red Component": 0.9999960064888,
        "Color Space": "sRGB",
        "Blue Component": 1,
        "Alpha Component": 1,
        "Green Component": 1
      },
      "Ansi 2 Color": {
        "Red Component": 0,
        "Color Space": "sRGB",
        "Blue Component": 0,
        "Alpha Component": 1,
        "Green Component": 0.7607843279838562
      },
      "Ansi 2 Color (Dark)": {
        "Red Component": 0,
        "Color Space": "sRGB",
        "Blue Component": 0,
        "Alpha Component": 1,
        "Green Component": 0.7607843279838562
      },
      "Ansi 2 Color (Light)": {
        "Red Component": 0,
        "Color Space": "sRGB",
        "Blue Component": 0,
        "Alpha Component": 1,
        "Green Component": 0.7607843279838562
      },
      "Ansi 3 Color": {
        "Red Component": 0.7805864810943604,
        "Color Space": "sRGB",
        "Blue Component": 0,
        "Alpha Component": 1,
        "Green Component": 0.7695948481559753
      },
      "Ansi 3 Color (Dark)": {
        "Red Component": 0.7805864810943604,
        "Color Space": "sRGB",
        "Blue Component": 0,
        "Alpha Component": 1,
        "Green Component": 0.7695948481559753
      },
      "Ansi 3 Color (Light)": {
        "Red Component": 0.7805864810943604,
        "Color Space": "sRGB",
        "Blue Component": 0,
        "Alpha Component": 1,
        "Green Component": 0.7695948481559753
      },
      "Ansi 4 Color": {
        "Red Component": 0.15404300391674042,
        "Color Space": "sRGB",
        "Blue Component": 0.7821617722511292,
        "Alpha Component": 1,
        "Green Component": 0.2647435665130615
      },
      "Ansi 4 Color (Dark)": {
        "Red Component": 0.15404300391674042,
        "Color Space": "sRGB",
        "Blue Component": 0.7821617722511292,
        "Alpha Component": 1,
        "Green Component": 0.2647435665130615
      },
      "Ansi 4 Color (Light)": {
        "Red Component": 0.15404300391674042,
        "Color Space": "sRGB",
        "Blue Component": 0.7821617722511292,
        "Alpha Component": 1,
        "Green Component": 0.2647435665130615
      },
      "Ansi 5 Color": {
        "Red Component": 0.752197265625,
        "Color Space": "sRGB",
        "Blue Component": 0.7449436187744141,
        "Alpha Component": 1,